lat,lon,alt,date,D_js,I_js,F_js,D_exe,I_exe,F_exe,D_diff,I_diff,F_diff
-80,-180,0,2020,-75.03984286891027,81.80184480782867,56705.16298880834,NaN,NaN,NaN,NaN,NaN,NaN
-80,-180,0,2022.5,-75.24339568883835,81.75228009577742,56585.69318557119,NaN,NaN,NaN,NaN,NaN,NaN
-80,-180,0,2025,-75.4453767166535,81.70240360930939,56466.28057826588,NaN,NaN,NaN,NaN,NaN,NaN
-80,-180,10,2020,-75.10745295030435,81.80942039311613,56438.64779712676,NaN,NaN,NaN,NaN,NaN,NaN
-80,-180,10,2022.5,-75.31061797170081,81.7600085063415,56319.83652734257,NaN,NaN,NaN,NaN,NaN,NaN
-80,-180,10,2025,-75.51221866299115,81.7102861419063,56201.08184150826,NaN,NaN,NaN,NaN,NaN,NaN
-80,-180,100,2020,-75.71062288162241,81.87614460361482,54114.29927618675,NaN,NaN,NaN,NaN,NaN,NaN
-80,-180,100,2022.5,-75.91040009923074,81.82808619706258,54001.2037690065,NaN,NaN,NaN,NaN,NaN,NaN
-80,-180,100,2025,-76.10867852250236,81.77972863719027,53888.15965648737,NaN,NaN,NaN,NaN,NaN,NaN
-80,-90,0,2020,-151.9000828476255,74.94586422945459,51197.252223335396,NaN,NaN,NaN,NaN,NaN,NaN
-80,-90,0,2022.5,-152.07518972650865,74.93262871517608,51063.11127411059,NaN,NaN,NaN,NaN,NaN,NaN
-80,-90,0,2025,-152.2509147412601,74.91918832412587,50929.00543628253,NaN,NaN,NaN,NaN,NaN,NaN
-80,-90,10,2020,-151.93698579277873,74.95707235287296,50964.38053548158,NaN,NaN,NaN,NaN,NaN,NaN
-80,-90,10,2022.5,-152.11189702198374,74.94395250096746,50831.030655720126,NaN,NaN,NaN,NaN,NaN,NaN
-80,-90,10,2025,-152.28742685192765,74.9306288688973,50697.71556113288,NaN,NaN,NaN,NaN,NaN,NaN
-80,-90,100,2020,-152.26387477038017,75.05580146564333,48931.29743979316,NaN,NaN,NaN,NaN,NaN,NaN
-80,-90,100,2022.5,-152.43705811893267,75.04370598732469,48804.801297218175,NaN,NaN,NaN,NaN,NaN,NaN
-80,-90,100,2025,-152.610864297134,75.0314163229382,48678.33717094532,NaN,NaN,NaN,NaN,NaN,NaN
-80,0,0,2020,145.839342516483,75.83059942787094,50408.622835852795,NaN,NaN,NaN,NaN,NaN,NaN
-80,0,0,2022.5,145.70646581684258,75.82161166027096,50304.72723038148,NaN,NaN,NaN,NaN,NaN,NaN
-80,0,0,2025,145.5732057689746,75.81251314880234,50200.84915748628,NaN,NaN,NaN,NaN,NaN,NaN
-80,0,10,2020,145.82157348860346,75.84590145463011,50185.25517562109,NaN,NaN,NaN,NaN,NaN,NaN
-80,0,10,2022.5,145.68900665554153,75.83705477563582,50081.934048286326,NaN,NaN,NaN,NaN,NaN,NaN
-80,0,10,2025,145.55605555939687,75.82809839216019,49978.63022742368,NaN,NaN,NaN,NaN,NaN,NaN
-80,0,100,2020,145.6659318931942,75.98049885485717,48233.03054388389,NaN,NaN,NaN,NaN,NaN,NaN
-80,0,100,2022.5,145.5361326783264,75.97289456377771,48134.69745031836,NaN,NaN,NaN,NaN,NaN,NaN
-80,0,100,2025,145.40594140704331,75.96518964447877,48036.37977265287,NaN,NaN,NaN,NaN,NaN,NaN
-80,90,0,2020,67.35858153647914,82.10936614386151,56089.12438019266,NaN,NaN,NaN,NaN,NaN,NaN
-80,90,0,2022.5,66.94892266691544,82.10094834017383,56008.118931222474,NaN,NaN,NaN,NaN,NaN,NaN
-80,90,0,2025,66.53896850815957,82.09210657625988,55927.16886931529,NaN,NaN,NaN,NaN,NaN,NaN
-80,90,10,2020,67.35760523189423,82.12484811586006,55829.830000180205,NaN,NaN,NaN,NaN,NaN,NaN
-80,90,10,2022.5,66.9485283948829,82.11651220509322,55749.20512428291,NaN,NaN,NaN,NaN,NaN,NaN
-80,90,10,2025,66.53914999090583,82.10775446635226,55668.63499299919,NaN,NaN,NaN,NaN,NaN,NaN
-80,90,100,2020,67.35174167103986,82.2613431411374,53567.03954980048,NaN,NaN,NaN,NaN,NaN,NaN
-80,90,100,2022.5,66.94790424513879,82.25373411879835,53489.73601723866,NaN,NaN,NaN,NaN,NaN,NaN
-80,90,100,2025,66.54370916182972,82.24572203347003,53412.481798902925,NaN,NaN,NaN,NaN,NaN,NaN
-80,180,0,2020,-75.03984286891026,81.80184480782867,56705.16298880834,NaN,NaN,NaN,NaN,NaN,NaN
-80,180,0,2022.5,-75.24339568883832,81.75228009577742,56585.69318557119,NaN,NaN,NaN,NaN,NaN,NaN
-80,180,0,2025,-75.44537671665347,81.70240360930939,56466.28057826588,NaN,NaN,NaN,NaN,NaN,NaN
-80,180,10,2020,-75.10745295030435,81.80942039311613,56438.64779712675,NaN,NaN,NaN,NaN,NaN,NaN
-80,180,10,2022.5,-75.31061797170078,81.7600085063415,56319.83652734257,NaN,NaN,NaN,NaN,NaN,NaN
-80,180,10,2025,-75.51221866299115,81.7102861419063,56201.08184150826,NaN,NaN,NaN,NaN,NaN,NaN
-80,180,100,2020,-75.71062288162241,81.87614460361483,54114.29927618675,NaN,NaN,NaN,NaN,NaN,NaN
-80,180,100,2022.5,-75.91040009923071,81.82808619706258,54001.2037690065,NaN,NaN,NaN,NaN,NaN,NaN
-80,180,100,2025,-76.10867852250234,81.77972863719027,53888.15965648737,NaN,NaN,NaN,NaN,NaN,NaN
-60,-180,0,2020,-139.57043780915242,77.62467222600603,56755.90875937107,NaN,NaN,NaN,NaN,NaN,NaN
-60,-180,0,2022.5,-139.33471520932858,77.58048982411088,56643.09065709844,NaN,NaN,NaN,NaN,NaN,NaN
-60,-180,0,2025,-139.09971073935003,77.53592765602474,56530.35073850839,NaN,NaN,NaN,NaN,NaN,NaN
-60,-180,10,2020,-139.60198210234933,77.62336865584513,56483.35563458177,NaN,NaN,NaN,NaN,NaN,NaN
-60,-180,10,2022.5,-139.36701463998057,77.5792908547088,56371.12898230401,NaN,NaN,NaN,NaN,NaN,NaN
-60,-180,10,2025,-139.13275933827813,77.53483506288036,56258.97970530177,NaN,NaN,NaN,NaN,NaN,NaN
-60,-180,100,2020,-139.88287387661254,77.6112618540338,54107.35661856716,NaN,NaN,NaN,NaN,NaN,NaN
-60,-180,100,2022.5,-139.6546053810375,77.56810413248978,54000.27256890664,NaN,NaN,NaN,NaN,NaN,NaN
-60,-180,100,2025,-139.42699736950362,77.52458394427255,53893.25902435161,NaN,NaN,NaN,NaN,NaN,NaN
-60,-90,0,2020,-164.48517923641467,62.76787941602688,42958.88411795902,NaN,NaN,NaN,NaN,NaN,NaN
-60,-90,0,2022.5,-164.70327038500477,62.78398336711338,42814.41045604786,NaN,NaN,NaN,NaN,NaN,NaN
-60,-90,0,2025,-164.9230760888078,62.799854880210205,42670.07090023149,NaN,NaN,NaN,NaN,NaN,NaN
-60,-90,10,2020,-164.5126969756996,62.77897130258223,42767.02088985967,NaN,NaN,NaN,NaN,NaN,NaN
-60,-90,10,2022.5,-164.73049100540652,62.79520910764891,42623.45584731549,NaN,NaN,NaN,NaN,NaN,NaN
-60,-90,10,2025,-164.9499966575969,62.81121620633925,42480.02391515577,NaN,NaN,NaN,NaN,NaN,NaN
-60,-90,100,2020,-164.75503604071605,62.87633437520229,41090.74188204124,NaN,NaN,NaN,NaN,NaN,NaN
-60,-90,100,2022.5,-164.9701996782079,62.89374479438015,40955.0359482248,NaN,NaN,NaN,NaN,NaN,NaN
-60,-90,100,2025,-165.18704902704653,62.910939532888506,40819.45459760586,NaN,NaN,NaN,NaN,NaN,NaN
-60,0,0,2020,159.08665595309157,69.55505515431193,42000.549155480505,NaN,NaN,NaN,NaN,NaN,NaN
-60,0,0,2022.5,159.20262207861288,69.52375355328695,41894.72768671872,NaN,NaN,NaN,NaN,NaN,NaN
-60,0,0,2025,159.31883360529503,69.49221617053041,41788.93986281957,NaN,NaN,NaN,NaN,NaN,NaN
-60,0,10,2020,159.0830579346711,69.5606995823128,41826.53425786418,NaN,NaN,NaN,NaN,NaN,NaN
-60,0,10,2022.5,159.19881878434649,69.529740180056,41721.38976365774,NaN,NaN,NaN,NaN,NaN,NaN
-60,0,10,2025,159.31482688821725,69.49854737613347,41616.27841695924,NaN,NaN,NaN,NaN,NaN,NaN
-60,0,100,2020,159.05379888558193,69.61016120201047,40301.13243558484,NaN,NaN,NaN,NaN,NaN,NaN
-60,0,100,2022.5,159.1678012391067,69.58217945231102,40201.8341676875,NaN,NaN,NaN,NaN,NaN,NaN
-60,0,100,2025,159.28206671708884,69.55398463407525,40102.564976572954,NaN,NaN,NaN,NaN,NaN,NaN
-60,90,0,2020,133.9881184421825,80.09401424898398,56743.014026871446,NaN,NaN,NaN,NaN,NaN,NaN
-60,90,0,2022.5,133.97154355105843,80.15250320951787,56727.42102497505,NaN,NaN,NaN,NaN,NaN,NaN
-60,90,0,2025,133.95476329886304,80.21102345393342,56711.88731001498,NaN,NaN,NaN,NaN,NaN,NaN
-60,90,10,2020,134.07731606509998,80.0966564522875,56474.24601426549,NaN,NaN,NaN,NaN,NaN,NaN
-60,90,10,2022.5,134.0612319501935,80.15493567859335,56458.56807893951,NaN,NaN,NaN,NaN,NaN,NaN
-60,90,10,2025,134.04494910138627,80.21324645014694,56442.948720293054,NaN,NaN,NaN,NaN,NaN,NaN
-60,90,100,2020,134.86605830576073,80.1188999922699,54130.48781892475,NaN,NaN,NaN,NaN,NaN,NaN
-60,90,100,2022.5,134.8542609995823,80.17532691833254,54114.113629149855,NaN,NaN,NaN,NaN,NaN,NaN
-60,90,100,2025,134.84232149118557,80.23178753443737,54097.79202368214,NaN,NaN,NaN,NaN,NaN,NaN
-60,180,0,2020,-139.57043780915242,77.62467222600603,56755.90875937107,NaN,NaN,NaN,NaN,NaN,NaN
-60,180,0,2022.5,-139.33471520932858,77.5804898241109,56643.09065709844,NaN,NaN,NaN,NaN,NaN,NaN
-60,180,0,2025,-139.09971073935003,77.53592765602474,56530.350738508394,NaN,NaN,NaN,NaN,NaN,NaN
-60,180,10,2020,-139.60198210234933,77.62336865584514,56483.35563458178,NaN,NaN,NaN,NaN,NaN,NaN
-60,180,10,2022.5,-139.36701463998057,77.5792908547088,56371.12898230401,NaN,NaN,NaN,NaN,NaN,NaN
-60,180,10,2025,-139.13275933827813,77.53483506288036,56258.97970530177,NaN,NaN,NaN,NaN,NaN,NaN
-60,180,100,2020,-139.88287387661254,77.6112618540338,54107.35661856716,NaN,NaN,NaN,NaN,NaN,NaN
-60,180,100,2022.5,-139.6546053810375,77.56810413248978,54000.27256890664,NaN,NaN,NaN,NaN,NaN,NaN
-60,180,100,2025,-139.42699736950362,77.52458394427255,53893.25902435162,NaN,NaN,NaN,NaN,NaN,NaN
-30,-180,0,2020,-163.65458511773247,55.581265654969584,45324.29235023628,NaN,NaN,NaN,NaN,NaN,NaN
-30,-180,0,2022.5,-163.4714748953398,55.565415969338915,45261.937646612256,NaN,NaN,NaN,NaN,NaN,NaN
-30,-180,0,2025,-163.2880096649987,55.549248775419926,45199.73458081819,NaN,NaN,NaN,NaN,NaN,NaN
-30,-180,10,2020,-163.66343034120038,55.582797007446786,45106.51050992792,NaN,NaN,NaN,NaN,NaN,NaN
-30,-180,10,2022.5,-163.48092656497417,55.566989656734435,45044.40597697677,NaN,NaN,NaN,NaN,NaN,NaN
-30,-180,10,2025,-163.29806815630099,55.55086669429408,44982.45134830079,NaN,NaN,NaN,NaN,NaN,NaN
-30,-180,100,2020,-163.7415846793476,55.595229499299414,43207.372662119116,NaN,NaN,NaN,NaN,NaN,NaN
-30,-180,100,2022.5,-163.56442706474994,55.57977781741153,43147.467954640495,NaN,NaN,NaN,NaN,NaN,NaN
-30,-180,100,2025,-163.38691853154046,55.56402693855611,43087.69851053174,NaN,NaN,NaN,NaN,NaN,NaN
-30,-90,0,2020,-170.74381658195318,29.544620982069397,30323.88258179251,NaN,NaN,NaN,NaN,NaN,NaN
-30,-90,0,2022.5,-171.02500613362773,29.527861442400646,30195.27142806326,NaN,NaN,NaN,NaN,NaN,NaN
-30,-90,0,2025,-171.3085000037286,29.510359654404326,30067.21810522973,NaN,NaN,NaN,NaN,NaN,NaN
-30,-90,10,2020,-170.77065440086352,29.558491687266557,30186.789883842164,NaN,NaN,NaN,NaN,NaN,NaN
-30,-90,10,2022.5,-171.05156234373422,29.542678135084294,30059.04695268024,NaN,NaN,NaN,NaN,NaN,NaN
-30,-90,10,2025,-171.334772153642,29.526131734891845,29931.857777588953,NaN,NaN,NaN,NaN,NaN,NaN
-30,-90,100,2020,-171.00430552177687,29.681167276957932,28989.775103712334,NaN,NaN,NaN,NaN,NaN,NaN
-30,-90,100,2022.5,-171.28263902747653,29.673548981035605,28869.526154293064,NaN,NaN,NaN,NaN,NaN,NaN
-30,-90,100,2025,-171.56325150046308,29.665278298352423,28749.79628712283,NaN,NaN,NaN,NaN,NaN,NaN
-30,0,0,2020,171.32650485563204,57.27610985340473,33257.431009057385,NaN,NaN,NaN,NaN,NaN,NaN
-30,0,0,2022.5,171.72654288861327,57.15255227359351,33107.6537113171,NaN,NaN,NaN,NaN,NaN,NaN
-30,0,0,2025,172.1274955971402,57.02659260793461,32958.509306931264,NaN,NaN,NaN,NaN,NaN,NaN
-30,0,10,2020,171.31538114594184,57.24310127166653,33109.029349102704,NaN,NaN,NaN,NaN,NaN,NaN
-30,0,10,2022.5,171.71413933928642,57.12007954490578,32960.46462529554,NaN,NaN,NaN,NaN,NaN,NaN
-30,0,10,2025,172.11381115825804,56.99467224757375,32812.526423046496,NaN,NaN,NaN,NaN,NaN,NaN
-30,0,100,2020,171.21842130924998,56.95307556915168,31812.4606059756,NaN,NaN,NaN,NaN,NaN,NaN
-30,0,100,2022.5,171.6061036830832,56.83480456933836,31674.278178169323,NaN,NaN,NaN,NaN,NaN,NaN
-30,0,100,2025,171.99469048255526,56.71428993330173,31536.668295241063,NaN,NaN,NaN,NaN,NaN,NaN
-30,90,0,2020,167.97871304129782,61.614708206896054,49084.07149567606,NaN,NaN,NaN,NaN,NaN,NaN
-30,90,0,2022.5,168.24904044832084,61.5882152674616,49079.546689351686,NaN,NaN,NaN,NaN,NaN,NaN
-30,90,0,2025,168.51894979151996,61.56118459403692,49075.27955095201,NaN,NaN,NaN,NaN,NaN,NaN
-30,90,10,2020,167.99269587511472,61.600168847106,48837.27497957588,NaN,NaN,NaN,NaN,NaN,NaN
-30,90,10,2022.5,168.26180744505334,61.57369574694084,48832.737411195994,NaN,NaN,NaN,NaN,NaN,NaN
-30,90,10,2025,168.5305038974679,61.54668948292634,48828.454221164415,NaN,NaN,NaN,NaN,NaN,NaN
-30,90,100,2020,168.11615171940093,61.47313943323867,46690.22081997439,NaN,NaN,NaN,NaN,NaN,NaN
-30,90,100,2022.5,168.37465738271905,61.44681857108468,46685.54401817745,NaN,NaN,NaN,NaN,NaN,NaN
-30,90,100,2025,168.63277331327907,61.420003582656534,46681.09404312503,NaN,NaN,NaN,NaN,NaN,NaN
-30,180,0,2020,-163.65458511773247,55.5812656549696,45324.29235023629,NaN,NaN,NaN,NaN,NaN,NaN
-30,180,0,2022.5,-163.4714748953398,55.56541596933892,45261.937646612256,NaN,NaN,NaN,NaN,NaN,NaN
-30,180,0,2025,-163.2880096649987,55.54924877541992,45199.73458081819,NaN,NaN,NaN,NaN,NaN,NaN
-30,180,10,2020,-163.66343034120038,55.582797007446786,45106.51050992792,NaN,NaN,NaN,NaN,NaN,NaN
-30,180,10,2022.5,-163.48092656497417,55.566989656734435,45044.40597697678,NaN,NaN,NaN,NaN,NaN,NaN
-30,180,10,2025,-163.29806815630099,55.550866694294086,44982.4513483008,NaN,NaN,NaN,NaN,NaN,NaN
-30,180,100,2020,-163.7415846793476,55.595229499299414,43207.372662119116,NaN,NaN,NaN,NaN,NaN,NaN
-30,180,100,2022.5,-163.56442706474994,55.57977781741153,43147.467954640495,NaN,NaN,NaN,NaN,NaN,NaN
-30,180,100,2025,-163.38691853154046,55.56402693855611,43087.69851053174,NaN,NaN,NaN,NaN,NaN,NaN
0,-180,0,2020,-169.14291529430287,10.940796545930471,32705.761437445315,NaN,NaN,NaN,NaN,NaN,NaN
0,-180,0,2022.5,-169.0066894515934,10.92451982094609,32683.847983636486,NaN,NaN,NaN,NaN,NaN,NaN
0,-180,0,2025,-168.87029656776465,10.90816096173225,32662.11552338932,NaN,NaN,NaN,NaN,NaN,NaN
0,-180,10,2020,-169.15059023520723,10.948275697858369,32549.89582308664,NaN,NaN,NaN,NaN,NaN,NaN
0,-180,10,2022.5,-169.01500890170294,10.932103830656509,32527.991779996228,NaN,NaN,NaN,NaN,NaN,NaN
0,-180,10,2025,-168.87926043095973,10.915850403781645,32506.26615012552,NaN,NaN,NaN,NaN,NaN,NaN
0,-180,100,2020,-169.217111320275,11.011138488581484,31190.462463614396,NaN,NaN,NaN,NaN,NaN,NaN
0,-180,100,2022.5,-169.08714912086853,10.995843216711641,31168.685288062723,NaN,NaN,NaN,NaN,NaN,NaN
0,-180,100,2025,-168.95701937827505,10.980471329063478,31147.065074381288,NaN,NaN,NaN,NaN,NaN,NaN
0,-90,0,2020,-174.02573987732194,-25.459265720745602,31436.60917422703,NaN,NaN,NaN,NaN,NaN,NaN
0,-90,0,2022.5,-174.3100763426163,-25.48600302522847,31309.457505406834,NaN,NaN,NaN,NaN,NaN,NaN
0,-90,0,2025,-174.59685255901573,-25.512402798522704,31182.94627607295,NaN,NaN,NaN,NaN,NaN,NaN
0,-90,10,2020,-174.04869427680111,-25.447080250484568,31283.132554104937,NaN,NaN,NaN,NaN,NaN,NaN
0,-90,10,2022.5,-174.33296371622328,-25.47260044888141,31156.53830752772,NaN,NaN,NaN,NaN,NaN,NaN
0,-90,10,2025,-174.61966760797793,-25.497773801091476,31030.580603346534,NaN,NaN,NaN,NaN,NaN,NaN
0,-90,100,2020,-174.24780604749927,-25.33862384369602,29946.705485562332,NaN,NaN,NaN,NaN,NaN,NaN
0,-90,100,2022.5,-174.53131201637825,-25.353558171418584,29825.027187703043,NaN,NaN,NaN,NaN,NaN,NaN
0,-90,100,2025,-174.81720453582903,-25.36806490806664,29703.952222583863,NaN,NaN,NaN,NaN,NaN,NaN
0,0,0,2020,177.50210172110573,18.417616884062944,28313.537635947552,NaN,NaN,NaN,NaN,NaN,NaN
0,0,0,2022.5,177.84857459342587,18.184584428675706,28232.63654038654,NaN,NaN,NaN,NaN,NaN,NaN
0,0,0,2025,178.1960877786283,17.949599475325662,28153.14105391813,NaN,NaN,NaN,NaN,NaN,NaN
0,0,10,2020,177.4864558165399,18.370138185109532,28174.49508273581,NaN,NaN,NaN,NaN,NaN,NaN
0,0,10,2022.5,177.83256882361127,18.137783175396944,28094.24057131746,NaN,NaN,NaN,NaN,NaN,NaN
0,0,10,2025,178.17972021168237,17.903486339931998,28015.380612080055,NaN,NaN,NaN,NaN,NaN,NaN
0,0,100,2020,177.34791859429487,17.94814048692436,26964.69377147608,NaN,NaN,NaN,NaN,NaN,NaN
0,0,100,2022.5,177.6907665051949,17.72181922343136,26889.977788795746,NaN,NaN,NaN,NaN,NaN,NaN
0,0,100,2025,178.03463557007268,17.493649505950152,26816.561038280925,NaN,NaN,NaN,NaN,NaN,NaN
0,90,0,2020,175.92880055264456,17.222887655515272,36505.68777015789,NaN,NaN,NaN,NaN,NaN,NaN
0,90,0,2022.5,176.11590615752596,17.027360672633336,36506.224040712674,NaN,NaN,NaN,NaN,NaN,NaN
0,90,0,2025,176.30261143725497,16.831672906535623,36507.540975231925,NaN,NaN,NaN,NaN,NaN,NaN
0,90,10,2020,175.927072729423,17.20632166098508,36317.32954550343,NaN,NaN,NaN,NaN,NaN,NaN
0,90,10,2022.5,176.11343210200178,17.011118343641176,36317.920536594625,NaN,NaN,NaN,NaN,NaN,NaN
0,90,10,2025,176.29939321713823,16.815756323116375,36319.284009606956,NaN,NaN,NaN,NaN,NaN,NaN
0,90,100,2020,175.9110161998093,17.063820759856462,34680.4856141366,NaN,NaN,NaN,NaN,NaN,NaN
0,90,100,2022.5,176.0908305812396,16.871442225714812,34681.49410079095,NaN,NaN,NaN,NaN,NaN,NaN
0,90,100,2025,176.27026491448225,16.678922387636565,34683.20602349188,NaN,NaN,NaN,NaN,NaN,NaN
0,180,0,2020,-169.14291529430287,10.940796545930478,32705.76143744532,NaN,NaN,NaN,NaN,NaN,NaN
0,180,0,2022.5,-169.0066894515934,10.924519820946095,32683.84798363649,NaN,NaN,NaN,NaN,NaN,NaN
0,180,0,2025,-168.87029656776465,10.908160961732252,32662.115523389322,NaN,NaN,NaN,NaN,NaN,NaN
0,180,10,2020,-169.15059023520723,10.948275697858374,32549.89582308664,NaN,NaN,NaN,NaN,NaN,NaN
0,180,10,2022.5,-169.01500890170294,10.932103830656512,32527.991779996228,NaN,NaN,NaN,NaN,NaN,NaN
0,180,10,2025,-168.87926043095973,10.915850403781654,32506.26615012552,NaN,NaN,NaN,NaN,NaN,NaN
0,180,100,2020,-169.217111320275,11.011138488581489,31190.462463614396,NaN,NaN,NaN,NaN,NaN,NaN
0,180,100,2022.5,-169.08714912086853,10.99584321671165,31168.685288062727,NaN,NaN,NaN,NaN,NaN,NaN
0,180,100,2025,-168.95701937827505,10.980471329063482,31147.065074381295,NaN,NaN,NaN,NaN,NaN,NaN
30,-180,0,2020,-171.5887871479092,-41.654946481552265,38916.1550490666,NaN,NaN,NaN,NaN,NaN,NaN
30,-180,0,2022.5,-171.57265547558595,-41.663355994894104,38900.2627211942,NaN,NaN,NaN,NaN,NaN,NaN
30,-180,0,2025,-171.5565063992401,-41.671770122828306,38884.37295464881,NaN,NaN,NaN,NaN,NaN,NaN
30,-180,10,2020,-171.59151330945303,-41.65602335867668,38734.79365449729,NaN,NaN,NaN,NaN,NaN,NaN
30,-180,10,2022.5,-171.57569629283157,-41.66438529699995,38718.89487636844,NaN,NaN,NaN,NaN,NaN,NaN
30,-180,10,2025,-171.55986216898,-41.672751933108856,38702.99857192674,NaN,NaN,NaN,NaN,NaN,NaN
30,-180,100,2020,-171.61413898268012,-41.6666106092083,37151.774338567375,NaN,NaN,NaN,NaN,NaN,NaN
30,-180,100,2022.5,-171.60108515269138,-41.674588138867314,37135.85924084743,NaN,NaN,NaN,NaN,NaN,NaN
30,-180,100,2025,-171.5880168896205,-41.68257102953583,37119.9459401652,NaN,NaN,NaN,NaN,NaN,NaN
30,-90,0,2020,-177.74999407378678,-61.32375114406475,46630.22705625252,NaN,NaN,NaN,NaN,NaN,NaN
30,-90,0,2022.5,-178.05259053584683,-61.243098025030235,46443.04682860701,NaN,NaN,NaN,NaN,NaN,NaN
30,-90,0,2025,-178.3560596688732,-61.161114153317584,46256.26084397512,NaN,NaN,NaN,NaN,NaN,NaN
30,-90,10,2020,-177.76022190495172,-61.31526749189897,46400.0127019105,NaN,NaN,NaN,NaN,NaN,NaN
30,-90,10,2022.5,-178.0625105599577,-61.2343336843577,46213.78581617107,NaN,NaN,NaN,NaN,NaN,NaN
30,-90,10,2025,-178.36566576114595,-61.15206821914663,46027.95142499127,NaN,NaN,NaN,NaN,NaN,NaN
30,-90,100,2020,-177.84840419441358,-61.240492914545584,44395.82589930436,NaN,NaN,NaN,NaN,NaN,NaN
30,-90,100,2022.5,-178.14789943603773,-61.15712307496899,44217.90740886406,NaN,NaN,NaN,NaN,NaN,NaN
30,-90,100,2025,-178.4482081227559,-61.07241432759775,44040.36598255783,NaN,NaN,NaN,NaN,NaN,NaN
30,0,0,2020,178.9643048490282,-38.81768006007985,36927.82811426628,NaN,NaN,NaN,NaN,NaN,NaN
30,0,0,2022.5,179.28367524209128,-38.94251752602101,36952.25070295543,NaN,NaN,NaN,NaN,NaN,NaN
30,0,0,2025,179.60373668609938,-39.06631557974737,36977.54330907201,NaN,NaN,NaN,NaN,NaN,NaN
30,0,10,2020,178.94693685879827,-38.83788456527624,36754.10461257378,NaN,NaN,NaN,NaN,NaN,NaN
30,0,10,2022.5,179.26623220535402,-38.96228168269982,36778.2393474587,NaN,NaN,NaN,NaN,NaN,NaN
30,0,10,2025,179.5862182886446,-39.08564143119994,36803.23806921112,NaN,NaN,NaN,NaN,NaN,NaN
30,0,100,2020,178.7931427797505,-39.01850707460619,35239.80255022605,NaN,NaN,NaN,NaN,NaN,NaN
30,0,100,2022.5,179.1116787828659,-39.13902010656293,35261.47628216018,NaN,NaN,NaN,NaN,NaN,NaN
30,0,100,2025,179.4309024890228,-39.25851399576271,35283.96176657838,NaN,NaN,NaN,NaN,NaN,NaN
30,90,0,2020,178.09292964453243,-43.42741484137661,43260.44431123091,NaN,NaN,NaN,NaN,NaN,NaN
30,90,0,2022.5,178.16815220463528,-43.578950447394256,43356.49453378983,NaN,NaN,NaN,NaN,NaN,NaN
30,90,0,2025,178.24341862659486,-43.72976570218982,43452.885833586326,NaN,NaN,NaN,NaN,NaN,NaN
30,90,10,2020,178.08715255645572,-43.42139936573282,43040.64033632925,NaN,NaN,NaN,NaN,NaN,NaN
30,90,10,2022.5,178.16205175779203,-43.57280744099045,43136.095278244924,NaN,NaN,NaN,NaN,NaN,NaN
30,90,10,2025,178.23699460971577,-43.723496903485334,43231.888733507214,NaN,NaN,NaN,NaN,NaN,NaN
30,90,100,2020,178.03657195663436,-43.36697728013874,41127.94242501087,NaN,NaN,NaN,NaN,NaN,NaN
30,90,100,2022.5,178.1086177429928,-43.51726389035947,41218.24175061619,NaN,NaN,NaN,NaN,NaN,NaN
30,90,100,2025,178.18070535525547,-43.666847144745354,41308.85762787983,NaN,NaN,NaN,NaN,NaN,NaN
30,180,0,2020,-171.5887871479092,-41.654946481552265,38916.1550490666,NaN,NaN,NaN,NaN,NaN,NaN
30,180,0,2022.5,-171.57265547558595,-41.6633559948941,38900.2627211942,NaN,NaN,NaN,NaN,NaN,NaN
30,180,0,2025,-171.5565063992401,-41.671770122828306,38884.3729546488,NaN,NaN,NaN,NaN,NaN,NaN
30,180,10,2020,-171.59151330945303,-41.65602335867668,38734.7936544973,NaN,NaN,NaN,NaN,NaN,NaN
30,180,10,2022.5,-171.57569629283157,-41.664385296999946,38718.89487636844,NaN,NaN,NaN,NaN,NaN,NaN
30,180,10,2025,-171.55986216898,-41.672751933108856,38702.99857192675,NaN,NaN,NaN,NaN,NaN,NaN
30,180,100,2020,-171.61413898268012,-41.666610609208284,37151.77433856737,NaN,NaN,NaN,NaN,NaN,NaN
30,180,100,2022.5,-171.6010851526914,-41.674588138867314,37135.85924084743,NaN,NaN,NaN,NaN,NaN,NaN
30,180,100,2025,-171.5880168896205,-41.68257102953583,37119.9459401652,NaN,NaN,NaN,NaN,NaN,NaN
60,-180,0,2020,-171.8782828560961,-70.68441949862392,54461.56072636614,NaN,NaN,NaN,NaN,NaN,NaN
60,-180,0,2022.5,-172.10782479818158,-70.69346939185385,54447.81549112534,NaN,NaN,NaN,NaN,NaN,NaN
60,-180,0,2025,-172.33768620105897,-70.70223642263271,54434.16723231719,NaN,NaN,NaN,NaN,NaN,NaN
60,-180,10,2020,-171.86719064985004,-70.68721169063608,54207.87412415034,NaN,NaN,NaN,NaN,NaN,NaN
60,-180,10,2022.5,-172.09658591994878,-70.69627800720967,54194.13251479783,NaN,NaN,NaN,NaN,NaN,NaN
60,-180,10,2025,-172.3263013724213,-70.70506189079639,54180.48728707482,NaN,NaN,NaN,NaN,NaN,NaN
60,-180,100,2020,-171.7685191115019,-70.71167391350379,51993.40219828041,NaN,NaN,NaN,NaN,NaN,NaN
60,-180,100,2022.5,-171.99663616023076,-70.72089772872603,51979.71665305176,NaN,NaN,NaN,NaN,NaN,NaN
60,-180,100,2025,-172.2250799682819,-70.72984285237553,51966.1223655109,NaN,NaN,NaN,NaN,NaN,NaN
60,-90,0,2020,178.06168990353734,-79.57862991731592,58094.09809634063,NaN,NaN,NaN,NaN,NaN,NaN
60,-90,0,2022.5,177.83022683910173,-79.44931081284766,57956.47732266792,NaN,NaN,NaN,NaN,NaN,NaN
60,-90,0,2025,177.6032486229413,-79.31921138018932,57819.18467472195,NaN,NaN,NaN,NaN,NaN,NaN
60,-90,10,2020,178.0690528301234,-79.57273150011136,57817.51006727105,NaN,NaN,NaN,NaN,NaN,NaN
60,-90,10,2022.5,177.83762226383135,-79.44351243653517,57680.612950247414,NaN,NaN,NaN,NaN,NaN,NaN
60,-90,10,2025,177.61066908535997,-79.31351378321712,57544.04196549242,NaN,NaN,NaN,NaN,NaN,NaN
60,-90,100,2020,178.13450995546697,-79.5213121966248,55405.86453886123,NaN,NaN,NaN,NaN,NaN,NaN
60,-90,100,2022.5,177.90340877884998,-79.39298468762937,55275.25838888773,NaN,NaN,NaN,NaN,NaN,NaN
60,-90,100,2025,177.67671874900572,-79.26388420845272,55144.96108301265,NaN,NaN,NaN,NaN,NaN,NaN
60,0,0,2020,176.4711423015945,-70.49473224815674,53461.09809791124,NaN,NaN,NaN,NaN,NaN,NaN
60,0,0,2022.5,176.93182445550707,-70.5277320322896,53488.31341172815,NaN,NaN,NaN,NaN,NaN,NaN
60,0,0,2025,177.39350898334908,-70.5595319098872,53515.930936048855,NaN,NaN,NaN,NaN,NaN,NaN
60,0,10,2020,176.45188767272447,-70.49941975855675,53213.1031593822,NaN,NaN,NaN,NaN,NaN,NaN
60,0,10,2022.5,176.9123054215147,-70.5323251617307,53239.988865771804,NaN,NaN,NaN,NaN,NaN,NaN
60,0,10,2025,177.3737246180841,-70.56403257221122,53267.27420353597,NaN,NaN,NaN,NaN,NaN,NaN
60,0,100,2020,176.28078004373666,-70.54148422645997,51048.21037081648,NaN,NaN,NaN,NaN,NaN,NaN
60,0,100,2022.5,176.73884235095207,-70.57355848438743,51072.28031432846,NaN,NaN,NaN,NaN,NaN,NaN
60,0,100,2025,177.19789795921272,-70.60445166662984,51096.727573945696,NaN,NaN,NaN,NaN,NaN,NaN
60,90,0,2020,178.72869173524438,-73.64621179772963,57187.886462525494,NaN,NaN,NaN,NaN,NaN,NaN
60,90,0,2022.5,178.67753904677204,-73.73330302076444,57277.80043268861,NaN,NaN,NaN,NaN,NaN,NaN
60,90,0,2025,178.62601365656275,-73.82010868758879,57367.84991685296,NaN,NaN,NaN,NaN,NaN,NaN
60,90,10,2020,178.7216102289414,-73.6341244540862,56908.11892475204,NaN,NaN,NaN,NaN,NaN,NaN
60,90,10,2022.5,178.67057085077542,-73.72121563364203,56997.46710469959,NaN,NaN,NaN,NaN,NaN,NaN
60,90,10,2025,178.61915978783142,-73.80802168669229,57086.95012519194,NaN,NaN,NaN,NaN,NaN,NaN
60,90,100,2020,178.66038072969891,-73.52751710636355,54470.458945294326,NaN,NaN,NaN,NaN,NaN,NaN
60,90,100,2022.5,178.6103377357043,-73.61460424179081,54554.905386669765,NaN,NaN,NaN,NaN,NaN,NaN
60,90,100,2025,178.5599319430072,-73.7014100850019,54639.48079353168,NaN,NaN,NaN,NaN,NaN,NaN
60,180,0,2020,-171.8782828560961,-70.68441949862392,54461.56072636614,NaN,NaN,NaN,NaN,NaN,NaN
60,180,0,2022.5,-172.10782479818158,-70.69346939185385,54447.81549112534,NaN,NaN,NaN,NaN,NaN,NaN
60,180,0,2025,-172.33768620105897,-70.70223642263271,54434.16723231719,NaN,NaN,NaN,NaN,NaN,NaN
60,180,10,2020,-171.86719064985004,-70.68721169063608,54207.874124150345,NaN,NaN,NaN,NaN,NaN,NaN
60,180,10,2022.5,-172.09658591994878,-70.69627800720967,54194.13251479783,NaN,NaN,NaN,NaN,NaN,NaN
60,180,10,2025,-172.3263013724213,-70.70506189079639,54180.48728707483,NaN,NaN,NaN,NaN,NaN,NaN
60,180,100,2020,-171.7685191115019,-70.71167391350379,51993.40219828041,NaN,NaN,NaN,NaN,NaN,NaN
60,180,100,2022.5,-171.9966361602308,-70.72089772872603,51979.71665305176,NaN,NaN,NaN,NaN,NaN,NaN
60,180,100,2025,-172.2250799682819,-70.72984285237553,51966.1223655109,NaN,NaN,NaN,NaN,NaN,NaN
80,-180,0,2020,-162.37880111641732,-83.89064402494903,60555.61221888716,NaN,NaN,NaN,NaN,NaN,NaN
80,-180,0,2022.5,-163.29289975385402,-83.91560037823818,60553.43896296587,NaN,NaN,NaN,NaN,NaN,NaN
80,-180,0,2025,-164.21432900588084,-83.93900885112201,60551.451067906455,NaN,NaN,NaN,NaN,NaN,NaN
80,-180,10,2020,-162.34500473100795,-83.8892999397563,60273.27453332749,NaN,NaN,NaN,NaN,NaN,NaN
80,-180,10,2022.5,-163.2578547311015,-83.91433390682829,60271.02142201307,NaN,NaN,NaN,NaN,NaN,NaN
80,-180,10,2025,-164.1780505355957,-83.93782394323496,60268.952480000415,NaN,NaN,NaN,NaN,NaN,NaN
80,-180,100,2020,-162.0456706018827,-83.87732880645638,57808.6518523311,NaN,NaN,NaN,NaN,NaN,NaN
80,-180,100,2022.5,-162.9474855705309,-83.90304542208261,57805.72946209819,NaN,NaN,NaN,NaN,NaN,NaN
80,-180,100,2025,-163.8567760561072,-83.92725284464929,57802.980957904394,NaN,NaN,NaN,NaN,NaN,NaN
80,-90,0,2020,170.62500438978816,-87.81396371072907,60863.1972943075,NaN,NaN,NaN,NaN,NaN,NaN
80,-90,0,2022.5,170.96707284218544,-87.69335149611165,60822.268578202355,NaN,NaN,NaN,NaN,NaN,NaN
80,-90,0,2025,171.2755466980225,-87.5725032761614,60781.61308262235,NaN,NaN,NaN,NaN,NaN,NaN
80,-90,10,2020,170.67097647772374,-87.8139882240991,60580.280927534746,NaN,NaN,NaN,NaN,NaN,NaN
80,-90,10,2022.5,171.00887258266727,-87.69347939453897,60539.481316341094,NaN,NaN,NaN,NaN,NaN,NaN
80,-90,10,2025,171.31361029862674,-87.5727362480326,60498.95311493522,NaN,NaN,NaN,NaN,NaN,NaN
80,-90,100,2020,171.07540635158438,-87.8146509896035,58110.433840271966,NaN,NaN,NaN,NaN,NaN,NaN
80,-90,100,2022.5,171.37689412209124,-87.69506459136318,58070.77981556449,NaN,NaN,NaN,NaN,NaN,NaN
80,-90,100,2025,171.64900135841407,-87.57525771057995,58031.38157916947,NaN,NaN,NaN,NaN,NaN,NaN
80,0,0,2020,166.27054906226329,-83.60148528980481,60058.228342425056,NaN,NaN,NaN,NaN,NaN,NaN
80,0,0,2022.5,167.31518299586133,-83.6370373512578,60072.71171489445,NaN,NaN,NaN,NaN,NaN,NaN
80,0,0,2025,168.37063970710633,-83.67045279609995,60087.46471563826,NaN,NaN,NaN,NaN,NaN,NaN
80,0,10,2020,166.22952152517104,-83.6032108432118,59779.8520364534,NaN,NaN,NaN,NaN,NaN,NaN
80,0,10,2022.5,167.273514969387,-83.63875634985581,59794.11213935525,NaN,NaN,NaN,NaN,NaN,NaN
80,0,10,2025,168.32833155963854,-83.67216857003795,59808.640180479604,NaN,NaN,NaN,NaN,NaN,NaN
80,0,100,2020,165.86390345091314,-83.6183772380847,57349.11546204654,NaN,NaN,NaN,NaN,NaN,NaN
80,0,100,2022.5,166.90217626859936,-83.65386648169081,57361.4748989828,NaN,NaN,NaN,NaN,NaN,NaN
80,0,100,2025,167.95127483085386,-83.68725195113221,57374.08765017529,NaN,NaN,NaN,NaN,NaN,NaN
80,90,0,2020,-179.55289598891724,-84.26113753466282,60761.613790763724,NaN,NaN,NaN,NaN,NaN,NaN
80,90,0,2022.5,-179.68187357704466,-84.35844851573273,60806.069542711586,NaN,NaN,NaN,NaN,NaN,NaN
80,90,0,2025,-179.8151642816232,-84.45558769474552,60850.70346081452,NaN,NaN,NaN,NaN,NaN,NaN
80,90,10,2020,-179.5702103620126,-84.25340702691378,60476.08378799494,NaN,NaN,NaN,NaN,NaN,NaN
80,90,10,2022.5,-179.69871192485977,-84.35067228149387,60520.179282469355,NaN,NaN,NaN,NaN,NaN,NaN
80,90,10,2025,-179.83150290114114,-84.44776646481169,60564.451928462906,NaN,NaN,NaN,NaN,NaN,NaN
80,90,100,2020,-179.72037581778343,-84.18521377974122,57984.200099792746,NaN,NaN,NaN,NaN,NaN,NaN
80,90,100,2022.5,-179.84466847113003,-84.28207065424544,58025.19629813916,NaN,NaN,NaN,NaN,NaN,NaN
80,90,100,2025,-179.9730443871982,-84.37876289288897,58066.360832663246,NaN,NaN,NaN,NaN,NaN,NaN
80,180,0,2020,-162.37880111641732,-83.89064402494903,60555.61221888716,NaN,NaN,NaN,NaN,NaN,NaN
80,180,0,2022.5,-163.29289975385402,-83.9156003782382,60553.43896296587,NaN,NaN,NaN,NaN,NaN,NaN
80,180,0,2025,-164.21432900588084,-83.93900885112201,60551.451067906455,NaN,NaN,NaN,NaN,NaN,NaN
80,180,10,2020,-162.34500473100795,-83.8892999397563,60273.274533327494,NaN,NaN,NaN,NaN,NaN,NaN
80,180,10,2022.5,-163.2578547311015,-83.91433390682829,60271.02142201307,NaN,NaN,NaN,NaN,NaN,NaN
80,180,10,2025,-164.1780505355957,-83.93782394323496,60268.952480000415,NaN,NaN,NaN,NaN,NaN,NaN
80,180,100,2020,-162.0456706018827,-83.87732880645638,57808.6518523311,NaN,NaN,NaN,NaN,NaN,NaN
80,180,100,2022.5,-162.9474855705309,-83.90304542208261,57805.72946209819,NaN,NaN,NaN,NaN,NaN,NaN
80,180,100,2025,-163.8567760561072,-83.92725284464929,57802.980957904394,NaN,NaN,NaN,NaN,NaN,NaN